BAIRRO,TIPO,OCORRENCIA
JAQUEIRA,AUTOMÓVEL,COLISÃO
JORDÃO,AUTOMÓVEL,COLISÃO
DOISUNIDOS,AUTOMÓVEL,ATROPELAMENTO
BOAVIAGEM,AUTOMÓVEL,COLISÃO
IMBIRIBEIRA,AUTOMÓVEL,COLISÃO
BOAVIAGEM,AUTOMÓVEL,COLISÃO
CAMPOGRANDE,AUTOMÓVEL,ATROPELAMENTO
IPSEP,AUTOMÓVEL,COLISÃO
TAMARINEIRA,AUTOMÓVEL,COLISÃO
CASAFORTE,AUTOMÓVEL,COLISÃO
CORDEIRO,AUTOMÓVEL,COLISÃO
BARRO,AUTOMÓVEL,COLISÃO
MADALENA,AUTOMÓVEL,COLISÃO
AFOGADOS,AUTOMÓVEL,ATROPELAMENTO
BOAVIAGEM,AUTOMÓVEL,COLISÃO
AREIAS,AUTOMÓVEL,COLISÃO
ARRUDA,AUTOMÓVEL,COLISÃO
BOAVIAGEM,AUTOMÓVEL,COLISÃO
BOAVIAGEM,AUTOMÓVEL,COLISÃO
AFOGADOS,AUTOMÓVEL,COLISÃO
BOAVIAGEM,AUTOMÓVEL,COLISÃO
BOAVISTA,AUTOMÓVEL,COLISÃO
SANTOANTÔNIO,AUTOMÓVEL,COLISÃO
PRADO,AUTOMÓVEL,COLISÃO
BOAVIAGEM,AUTOMÓVEL,ATROPELAMENTO
PASSARINHO,AUTOMÓVEL,ATROPELAMENTO
BOAVIAGEM,AUTOMÓVEL,ATROPELAMENTO
IBURA,CICLISTA,COLISÃO
CASA AMARELA,CICLISTA,ATROPELAMENTO
TORREÃO,CICLISTA,COLISÃO
BRASÍLIA TEIMOSA,CICLISTA,ATROPELAMENTO
IMBIRIBEIRA,CICLISTA,COLISÃO
SAN MARTIN,CICLISTA,COLISÃO
BOA VISTA,CICLOMOTOR,COLISÃO
CAMPO GRANDE,CICLOMOTOR,COLISÃO
SANTO ANTÔNIO,CICLOMOTOR,COLISÃO
SÃO JOSÉ,CICLOMOTOR,COLISÃO
PAISSANDU,MOTOCICLETA,ATROPELAMENTO
CABANGA,MOTOCICLETA,COLISÃO
ARRUDA,MOTOCICLETA,COLISÃO
CASA AMARELA,MOTOCICLETA,COLISÃO
JARDIM SÃO PAULO,MOTOCICLETA,COLISÃO
IMBIRIBEIRA,MOTOCICLETA,COLISÃO
SANTO AMARO,MOTOCICLETA,COLISÃO
ESPINHEIRO,MOTOCICLETA,COLISÃO
ILHA DO RETIRO,MOTOCICLETA,COLISÃO
TORRE,MOTOCICLETA,COLISÃO
JORDÃO,MOTOCICLETA,COLISÃO
BAIRRO DO RECIFE,MOTOCICLETA,COLISÃO
CASA FORTE,MOTOCICLETA,COLISÃO
ESPINHEIRO,MOTOCICLETA,COLISÃO
BOA VIAGEM,MOTOCICLETA,COLISÃO
VÁRZEA,MOTOCICLETA,COLISÃO
BOA VIAGEM,MOTOCICLETA,COLISÃO
TORRE,MOTOCICLETA,COLISÃO
SAN MARTIN,MOTOCICLETA,COLISÃO
PARNAMIRIM,MOTOCICLETA,COLISÃO
AREIAS,MOTOCICLETA,COLISÃO
CAXANGÁ,MOTOCICLETA,COLISÃO
IMBIRIBEIRA,MOTOCICLETA,COLISÃO
CORDEIRO,MOTOCICLETA,COLISÃO
ESTÂNCIA,MOTOCICLETA,COLISÃO
AREIAS,MOTOCICLETA,COLISÃO
ARRUDA,MOTOCICLETA,COLISÃO
BOA VIAGEM,MOTOCICLETA,COLISÃO
TAMARINEIRA,MOTOCICLETA,COLISÃO
ILHA DO RETIRO,MOTOCICLETA,ATROPELAMENTO
MADALENA,MOTOCICLETA,COLISÃO
CASA AMARELA,MOTOCICLETA,COLISÃO
CAXANGÁ,MOTOCICLETA,COLISÃO
IPSEP,MOTOCICLETA,COLISÃO
BOA VIAGEM,MOTOCICLETA,COLISÃO
SANTO AMARO,MOTOCICLETA,COLISÃO
CORDEIRO,MOTOCICLETA,COLISÃO
PINA,MOTOCICLETA,COLISÃO
ROSARINHO,MOTOCICLETA,COLISÃO
CAMPO GRANDE,MOTOCICLETA,COLISÃO
BEBERIBE,MOTOCICLETA,COLISÃO
IMBIRIBEIRA,MOTOCICLETA,ATROPELAMENTO
IMBIRIBEIRA,MOTOCICLETA,COLISÃO
IMBIRIBEIRA,MOTOCICLETA,COLISÃO
SANTO AMARO,MOTOCICLETA,COLISÃO
SÃO JOSÉ,MOTOCICLETA,COLISÃO
SANTO AMARO,MOTOCICLETA,COLISÃO
ROSARINHO,MOTOCICLETA,COLISÃO
CAMPO GRANDE,MOTOCICLETA,COLISÃO
IPSEP,MOTOCICLETA,COLISÃO
APIPUCOS,MOTOCICLETA,COLISÃO
ILHA DO LEITE,MOTOCICLETA,COLISÃO
IMBIRIBEIRA,MOTOCICLETA,COLISÃO
IPUTINGA,MOTOCICLETA,COLISÃO
TORRE,MOTOCICLETA,COLISÃO
ARRUDA,MOTOCICLETA,COLISÃO
IBURA,MOTOCICLETA,COLISÃO
IBURA,MOTOCICLETA,COLISÃO
IMBIRIBEIRA,MOTOCICLETA,COLISÃO
MADALENA,MOTOCICLETA,COLISÃO
BOA VIAGEM,MOTOCICLETA,COLISÃO
GRAÇAS,MOTOCICLETA,COLISÃO
AREIAS,MOTOCICLETA,COLISÃO
MADALENA,MOTOCICLETA,ATROPELAMENTO
SANTO AMARO,MOTOCICLETA,COLISÃO
NOVA DESCOBERTA,MOTOCICLETA,COLISÃO
CURADO,MOTOCICLETA,COLISÃO
BOA VIAGEM,MOTOCICLETA,COLISÃO
BOA VIAGEM,MOTOCICLETA,COLISÃO
MADALENA,MOTOCICLETA,COLISÃO
SAN MARTIN,MOTOCICLETA,COLISÃO
SANTO AMARO,MOTOCICLETA,COLISÃO
IMBIRIBEIRA,MOTOCICLETA,COLISÃO
VASCO DA GAMA,MOTOCICLETA,COLISÃO
DOIS UNIDOS,MOTOCICLETA,COLISÃO
MUSTARDINHA,MOTOCICLETA,COLISÃO
TORRE,MOTOCICLETA,COLISÃO
MADALENA,MOTOCICLETA,COLISÃO
VÁRZEA,MOTOCICLETA,COLISÃO
ÁGUA FRIA,MOTOCICLETA,COLISÃO
ESTÂNCIA,MOTOCICLETA,COLISÃO
ARRUDA,MOTOCICLETA,COLISÃO
DERBY,MOTOCICLETA,COLISÃO
AFOGADOS,MOTOCICLETA,COLISÃO
CASA FORTE,MOTOCICLETA,COLISÃO
MADALENA,MOTOCICLETA,COLISÃO
AFOGADOS,MOTOCICLETA,COLISÃO
BARRO,MOTOCICLETA,COLISÃO
DERBY,MOTOCICLETA,COLISÃO
CASA AMARELA,MOTOCICLETA,COLISÃO
IMBIRIBEIRA,MOTOCICLETA,COLISÃO
BOA VIAGEM,MOTOCICLETA,COLISÃO
ESPINHEIRO,MOTOCICLETA,COLISÃO
BOA VIAGEM,MOTOCICLETA,COLISÃO
POÇO DA PANELA,MOTOCICLETA,COLISÃO
TORRE,MOTOCICLETA,COLISÃO
BOA VISTA,MOTOCICLETA,COLISÃO
AFOGADOS,MOTOCICLETA,COLISÃO
BOA VIAGEM,MOTOCICLETA,COLISÃO
CAMPO GRANDE,MOTOCICLETA,COLISÃO
BOA VIAGEM,MOTOCICLETA,COLISÃO
AFOGADOS,MOTOCICLETA,COLISÃO
AFOGADOS,MOTOCICLETA,COLISÃO
SAN MARTIN,MOTOCICLETA,COLISÃO
APIPUCOS,MOTOCICLETA,COLISÃO
DERBY,MOTOCICLETA,COLISÃO
BONGI,MOTOCICLETA,ATROPELAMENTO
ILHA DO RETIRO,MOTOCICLETA,COLISÃO
MADALENA,MOTOCICLETA,COLISÃO
SANTO AMARO,MOTOCICLETA,COLISÃO
SANCHO,MOTOCICLETA,COLISÃO
DERBY,MOTOCICLETA,COLISÃO
CIDADE UNIVERSITÁRIA,MOTOCICLETA,COLISÃO
JIQUIÁ,MOTOCICLETA,COLISÃO
MACAXEIRA,MOTOCICLETA,COLISÃO
IMBIRIBEIRA,MOTOCICLETA,COLISÃO
IMBIRIBEIRA,MOTOCICLETA,COLISÃO
ARRUDA,MOTOCICLETA,COLISÃO
BEBERIBE,PEDESTRE,ATROPELAMENTO
SÍTIO DOS PINTOS,PEDESTRE,ATROPELAMENTO
SANTO AMARO,PEDESTRE,ATROPELAMENTO
BOA VIAGEM,PEDESTRE,ATROPELAMENTO
BOA VIAGEM,PEDESTRE,ATROPELAMENTO
CORDEIRO,PEDESTRE,ATROPELAMENTO
CURADO,PEDESTRE,ATROPELAMENTO
CASA AMARELA,PEDESTRE,ATROPELAMENTO
MADALENA,PEDESTRE,ATROPELAMENTO
CAXANGÁ,PEDESTRE,ATROPELAMENTO
IBURA,PEDESTRE,ATROPELAMENTO
IPUTINGA,PEDESTRE,ATROPELAMENTO
IMBIRIBEIRA,PEDESTRE,ATROPELAMENTO
SANTO ANTÔNIO,PEDESTRE,ATROPELAMENTO
TORRÕES,PEDESTRE,ATROPELAMENTO
BARRO,PEDESTRE,ATROPELAMENTO
BOA VIAGEM,AUTOMÓVEL,COLISÃO
BOA VIAGEM,AUTOMÓVEL,COLISÃO
JIQUIÁ,AUTOMÓVEL,COLISÃO
IMBIRIBEIRA,AUTOMÓVEL,COLISÃO
BOA VIAGEM,AUTOMÓVEL,COLISÃO
SÃO JOSÉ,AUTOMÓVEL,COLISÃO
IMBIRIBEIRA,AUTOMÓVEL,COLISÃO
BONGI,AUTOMÓVEL,ATROPELAMENTO
BOA VIAGEM,AUTOMÓVEL,COLISÃO
AFOGADOS,AUTOMÓVEL,COLISÃO
BOA VIAGEM,AUTOMÓVEL,ATROPELAMENTO
BOA VIAGEM,AUTOMÓVEL,COLISÃO
TORRE,AUTOMÓVEL,COLISÃO
IPSEP,AUTOMÓVEL,COLISÃO
ESPINHEIRO,AUTOMÓVEL,COLISÃO
BOA VIAGEM,AUTOMÓVEL,COLISÃO
SÃO JOSÉ,AUTOMÓVEL,COLISÃO
BOA VIAGEM,AUTOMÓVEL,COLISÃO
CAMPO GRANDE,AUTOMÓVEL,COLISÃO
BOA VIAGEM,AUTOMÓVEL,COLISÃO
CASA FORTE,AUTOMÓVEL,COLISÃO
BOA VIAGEM,AUTOMÓVEL,COLISÃO
CASA AMARELA,AUTOMÓVEL,COLISÃO
IMBIRIBEIRA,AUTOMÓVEL,COLISÃO
BOA VIAGEM,AUTOMÓVEL,COLISÃO
IPSEP,AUTOMÓVEL,COLISÃO
CABANGA,AUTOMÓVEL,COLISÃO
CAMPO GRANDE,CICLISTA,COLISÃO
CAXANGÁ,CICLISTA,COLISÃO
BOA VIAGEM,CICLISTA,COLISÃO
MADALENA,CICLISTA,COLISÃO
TORRÕES,CICLISTA,COLISÃO
BOA VIAGEM,CICLOMOTOR,COLISÃO
LINHA DO TIRO,CICLOMOTOR,COLISÃO
SAN MARTIN,CICLOMOTOR,ATROPELAMENTO
CABANGA,MOTOCICLETA,COLISÃO
CAXANGÁ,MOTOCICLETA,ATROPELAMENTO
IMBIRIBEIRA,MOTOCICLETA,COLISÃO
CAXANGÁ,MOTOCICLETA,COLISÃO
ESTÂNCIA,MOTOCICLETA,COLISÃO
IMBIRIBEIRA,MOTOCICLETA,COLISÃO
HIPÓDROMO,MOTOCICLETA,COLISÃO
SANTO ANTÔNIO,MOTOCICLETA,COLISÃO
SANTO AMARO,MOTOCICLETA,COLISÃO
BOA VISTA,MOTOCICLETA,COLISÃO
FUNDÃO,MOTOCICLETA,COLISÃO
CAMPO GRANDE,MOTOCICLETA,COLISÃO
AFOGADOS,MOTOCICLETA,COLISÃO
SAN MARTIN,MOTOCICLETA,COLISÃO
ENCRUZILHADA,MOTOCICLETA,COLISÃO
ARRUDA,MOTOCICLETA,COLISÃO
ILHA DO RETIRO,MOTOCICLETA,COLISÃO
BOA VISTA,MOTOCICLETA,COLISÃO
ALTO JOSÉ BONIFÁCIO,MOTOCICLETA,ATROPELAMENTO
LINHA DO TIRO,MOTOCICLETA,COLISÃO
PINA,MOTOCICLETA,COLISÃO
SÃO JOSÉ,MOTOCICLETA,COLISÃO
BRASÍLIA TEIMOSA,MOTOCICLETA,COLISÃO
VÁRZEA,MOTOCICLETA,COLISÃO
MADALENA,MOTOCICLETA,COLISÃO
IMBIRIBEIRA,MOTOCICLETA,COLISÃO
ENCRUZILHADA,MOTOCICLETA,COLISÃO
ESTÂNCIA,MOTOCICLETA,COLISÃO
MADALENA,MOTOCICLETA,COLISÃO
DERBY,MOTOCICLETA,COLISÃO
DOIS UNIDOS,MOTOCICLETA,COLISÃO
BOA VIAGEM,MOTOCICLETA,COLISÃO
PINA,MOTOCICLETA,COLISÃO
BAIRRO DO RECIFE,MOTOCICLETA,COLISÃO
MADALENA,MOTOCICLETA,COLISÃO
AFOGADOS,MOTOCICLETA,COLISÃO
JARDIM SÃO PAULO,MOTOCICLETA,COLISÃO
BOA VIAGEM,MOTOCICLETA,COLISÃO
ESTÂNCIA,MOTOCICLETA,COLISÃO
CAMPO GRANDE,MOTOCICLETA,COLISÃO
SANTO AMARO,MOTOCICLETA,COLISÃO
IBURA,MOTOCICLETA,COLISÃO
SANTO AMARO,MOTOCICLETA,ATROPELAMENTO
SANTO AMARO,MOTOCICLETA,COLISÃO
BARRO,MOTOCICLETA,COLISÃO
GRAÇAS,MOTOCICLETA,COLISÃO
ARRUDA,MOTOCICLETA,COLISÃO
SÃO JOSÉ,MOTOCICLETA,COLISÃO
SÃO JOSÉ,MOTOCICLETA,COLISÃO
CIDADE UNIVERSITÁRIA,MOTOCICLETA,COLISÃO
IPUTINGA,MOTOCICLETA,COLISÃO
CORDEIRO,MOTOCICLETA,COLISÃO
PARNAMIRIM,MOTOCICLETA,COLISÃO
CASA AMARELA,MOTOCICLETA,COLISÃO
CORDEIRO,MOTOCICLETA,COLISÃO
PORTO DA MADEIRA,MOTOCICLETA,COLISÃO
IMBIRIBEIRA,MOTOCICLETA,COLISÃO
SANTO AMARO,MOTOCICLETA,COLISÃO
TORRE,MOTOCICLETA,COLISÃO
TEJIPIÓ,MOTOCICLETA,COLISÃO
TEJIPIÓ,MOTOCICLETA,COLISÃO
SANTO AMARO,MOTOCICLETA,COLISÃO
TORREÃO,MOTOCICLETA,COLISÃO
CASA FORTE,MOTOCICLETA,COLISÃO
IPSEP,MOTOCICLETA,COLISÃO
BEBERIBE,MOTOCICLETA,COLISÃO
IBURA,MOTOCICLETA,COLISÃO
PRADO,MOTOCICLETA,COLISÃO
ESTÂNCIA,MOTOCICLETA,COLISÃO
TORRE,MOTOCICLETA,COLISÃO
HIPÓDROMO,MOTOCICLETA,COLISÃO
COELHOS,MOTOCICLETA,COLISÃO
BARRO,MOTOCICLETA,COLISÃO
JARDIM SÃO PAULO,MOTOCICLETA,COLISÃO
SÃO JOSÉ,MOTOCICLETA,COLISÃO
BEBERIBE,MOTOCICLETA,COLISÃO
BOA VIAGEM,MOTOCICLETA,COLISÃO
PARNAMIRIM,MOTOCICLETA,COLISÃO
BOA VIAGEM,MOTOCICLETA,COLISÃO
SANTO AMARO,MOTOCICLETA,COLISÃO
BONGI,MOTOCICLETA,COLISÃO
BOA VISTA,MOTOCICLETA,COLISÃO
BOA VIAGEM,MOTOCICLETA,COLISÃO
BOA VISTA,MOTOCICLETA,COLISÃO
TORRE,MOTOCICLETA,COLISÃO
IBURA,MOTOCICLETA,COLISÃO
IPSEP,MOTOCICLETA,COLISÃO
SANTO AMARO,MOTOCICLETA,COLISÃO
BEBERIBE,MOTOCICLETA,COLISÃO
CORDEIRO,MOTOCICLETA,COLISÃO
CAMPO GRANDE,MOTOCICLETA,COLISÃO
BOA VIAGEM,MOTOCICLETA,COLISÃO
AFOGADOS,MOTOCICLETA,COLISÃO
MADALENA,MOTOCICLETA,COLISÃO
CURADO,MOTOCICLETA,COLISÃO
IBURA,MOTOCICLETA,COLISÃO
AFOGADOS,MOTOCICLETA,COLISÃO
JORDÃO,MOTOCICLETA,COLISÃO
TORRE,MOTOCICLETA,COLISÃO
AREIAS,MOTOCICLETA,COLISÃO
ENCRUZILHADA,MOTOCICLETA,COLISÃO
CASA FORTE,MOTOCICLETA,COLISÃO
VASCO DA GAMA,MOTOCICLETA,COLISÃO
IBURA,MOTOCICLETA,COLISÃO
TEJIPIÓ,MOTOCICLETA,COLISÃO
DERBY,MOTOCICLETA,COLISÃO
VÁRZEA,MOTOCICLETA,COLISÃO
TOTÓ,MOTOCICLETA,COLISÃO
SANTO AMARO,MOTOCICLETA,COLISÃO
DERBY,OUTROS,COLISÃO
IMBIRIBEIRA,OUTROS,COLISÃO
IMBIRIBEIRA,OUTROS,COLISÃO
SANTO AMARO,OUTROS,COLISÃO
DOIS UNIDOS,OUTROS,COLISÃO
MACAXEIRA,OUTROS,ATROPELAMENTO
BOA VISTA,PEDESTRE,ATROPELAMENTO
BOA VISTA,PEDESTRE,ATROPELAMENTO
CABANGA,PEDESTRE,ATROPELAMENTO
CAXANGÁ,PEDESTRE,ATROPELAMENTO
CAXANGÁ,PEDESTRE,ATROPELAMENTO
AFOGADOS,PEDESTRE,ATROPELAMENTO
ÁGUA FRIA,PEDESTRE,ATROPELAMENTO
ROSARINHO,PEDESTRE,ATROPELAMENTO
ENCRUZILHADA,PEDESTRE,ATROPELAMENTO
CAMPO GRANDE,PEDESTRE,ATROPELAMENTO
IMBIRIBEIRA,PEDESTRE,ATROPELAMENTO
JORDÃO,PEDESTRE,COLISÃO
IBURA,PEDESTRE,ATROPELAMENTO
PRADO,PEDESTRE,COLISÃO
BEBERIBE,AUTOMÓVEL,COLISÃO
IPSEP,AUTOMÓVEL,COLISÃO
MUSTARDINHA,AUTOMÓVEL,ATROPELAMENTO
ESPINHEIRO,AUTOMÓVEL,COLISÃO
CURADO,AUTOMÓVEL,COLISÃO
BOA VIAGEM,AUTOMÓVEL,COLISÃO
BOA VIAGEM,AUTOMÓVEL,COLISÃO
MADALENA,AUTOMÓVEL,COLISÃO
BOA VIAGEM,AUTOMÓVEL,COLISÃO
BOA VIAGEM,AUTOMÓVEL,COLISÃO
IBURA,AUTOMÓVEL,COLISÃO
LINHA DO TIRO,AUTOMÓVEL,COLISÃO
BOA VISTA,AUTOMÓVEL,COLISÃO
BOA VIAGEM,AUTOMÓVEL,COLISÃO
CASA FORTE,AUTOMÓVEL,COLISÃO
PORTO DA MADEIRA,AUTOMÓVEL,COLISÃO
IMBIRIBEIRA,AUTOMÓVEL,ATROPELAMENTO
ENGENHO DO MEIO,AUTOMÓVEL,COLISÃO
SÃO JOSÉ,AUTOMÓVEL,COLISÃO
TOTÓ,AUTOMÓVEL,ATROPELAMENTO
BAIRRO DO RECIFE,CICLISTA,COLISÃO
ÁGUA FRIA,CICLISTA,COLISÃO
CASA FORTE,CICLISTA,COLISÃO
JARDIM SÃO PAULO,CICLISTA,COLISÃO
AFOGADOS,CICLISTA,COLISÃO
BOA VISTA,CICLISTA,COLISÃO
SAN MARTIN,CICLISTA,COLISÃO
JOANA BEZERRA,CICLISTA,COLISÃO
IPUTINGA,CICLISTA,COLISÃO
SÃO JOSÉ,CICLOMOTOR,ATROPELAMENTO
BOA VISTA,MOTOCICLETA,COLISÃO
BOA VIAGEM,MOTOCICLETA,COLISÃO
ÁGUA FRIA,MOTOCICLETA,COLISÃO
ARRUDA,MOTOCICLETA,COLISÃO
BEBERIBE,MOTOCICLETA,COLISÃO
SÃO JOSÉ,MOTOCICLETA,COLISÃO
SANTO AMARO,MOTOCICLETA,COLISÃO
BOA VISTA,MOTOCICLETA,COLISÃO
PINA,MOTOCICLETA,COLISÃO
CASA FORTE,MOTOCICLETA,COLISÃO
AFOGADOS,MOTOCICLETA,COLISÃO
JORDÃO,MOTOCICLETA,COLISÃO
IMBIRIBEIRA,MOTOCICLETA,COLISÃO
NOVA DESCOBERTA,MOTOCICLETA,COLISÃO
SÃO JOSÉ,MOTOCICLETA,COLISÃO
PAISSANDU,MOTOCICLETA,COLISÃO
IPSEP,MOTOCICLETA,COLISÃO
BEBERIBE,MOTOCICLETA,COLISÃO
CASA AMARELA,MOTOCICLETA,COLISÃO
MADALENA,MOTOCICLETA,COLISÃO
AFOGADOS,MOTOCICLETA,COLISÃO
CORDEIRO,MOTOCICLETA,COLISÃO
IBURA,MOTOCICLETA,COLISÃO
ILHA DO RETIRO,MOTOCICLETA,COLISÃO
CORDEIRO,MOTOCICLETA,COLISÃO
JORDÃO,MOTOCICLETA,COLISÃO
CAXANGÁ,MOTOCICLETA,COLISÃO
IMBIRIBEIRA,MOTOCICLETA,COLISÃO
IBURA,MOTOCICLETA,COLISÃO
MADALENA,MOTOCICLETA,COLISÃO
ARRUDA,MOTOCICLETA,COLISÃO
IBURA,MOTOCICLETA,COLISÃO
IPSEP,MOTOCICLETA,COLISÃO
CIDADE UNIVERSITÁRIA,MOTOCICLETA,COLISÃO
TORRÕES,MOTOCICLETA,COLISÃO
DOIS UNIDOS,MOTOCICLETA,COLISÃO
SANTO ANTÔNIO,MOTOCICLETA,COLISÃO
IBURA,MOTOCICLETA,COLISÃO
BOA VIAGEM,MOTOCICLETA,COLISÃO
JORDÃO,MOTOCICLETA,COLISÃO
JORDÃO,MOTOCICLETA,COLISÃO
VÁRZEA,MOTOCICLETA,COLISÃO
AFOGADOS,MOTOCICLETA,COLISÃO
ENCRUZILHADA,MOTOCICLETA,COLISÃO
CASA FORTE,MOTOCICLETA,COLISÃO
CORDEIRO,MOTOCICLETA,COLISÃO
IBURA,MOTOCICLETA,COLISÃO
SANCHO,MOTOCICLETA,COLISÃO
DERBY,MOTOCICLETA,COLISÃO
AREIAS,MOTOCICLETA,COLISÃO
CAXANGÁ,MOTOCICLETA,COLISÃO
CASA AMARELA,MOTOCICLETA,COLISÃO
TORRE,MOTOCICLETA,COLISÃO
SANTO AMARO,MOTOCICLETA,COLISÃO
IPSEP,MOTOCICLETA,COLISÃO
ESTÂNCIA,MOTOCICLETA,COLISÃO
PORTO DA MADEIRA,MOTOCICLETA,COLISÃO
IMBIRIBEIRA,MOTOCICLETA,COLISÃO
BOA VIAGEM,MOTOCICLETA,COLISÃO
PRADO,MOTOCICLETA,COLISÃO
AFOGADOS,MOTOCICLETA,COLISÃO
CAMPO GRANDE,MOTOCICLETA,COLISÃO
IBURA,MOTOCICLETA,COLISÃO
BOA VISTA,MOTOCICLETA,COLISÃO
BOA VISTA,MOTOCICLETA,COLISÃO
TORRE,MOTOCICLETA,COLISÃO
TAMARINEIRA,MOTOCICLETA,COLISÃO
CASA AMARELA,MOTOCICLETA,COLISÃO
BEBERIBE,MOTOCICLETA,COLISÃO
SÃO JOSÉ,MOTOCICLETA,COLISÃO
DERBY,MOTOCICLETA,COLISÃO
CASA AMARELA,MOTOCICLETA,COLISÃO
BOA VIAGEM,MOTOCICLETA,COLISÃO
CASA AMARELA,MOTOCICLETA,COLISÃO
JARDIM SÃO PAULO,MOTOCICLETA,COLISÃO
AFOGADOS,MOTOCICLETA,COLISÃO
SANTO AMARO,MOTOCICLETA,COLISÃO
ILHA JOANA BEZERRA,MOTOCICLETA,COLISÃO
SANTO AMARO,MOTOCICLETA,COLISÃO
CIDADE UNIVERSITÁRIA,MOTOCICLETA,COLISÃO
SANTO AMARO,MOTOCICLETA,COLISÃO
CASA AMARELA,MOTOCICLETA,COLISÃO
ENGENHO DO MEIO,MOTOCICLETA,COLISÃO
BEBERIBE,MOTOCICLETA,COLISÃO
ROSARINHO,MOTOCICLETA,COLISÃO
BREJO DE BEBERIBE,MOTOCICLETA,COLISÃO
TAMARINEIRA,MOTOCICLETA,COLISÃO
JARDIM SÃO PAULO,MOTOCICLETA,COLISÃO
MACAXEIRA,MOTOCICLETA,COLISÃO
IPUTINGA,MOTOCICLETA,COLISÃO
CABANGA,MOTOCICLETA,COLISÃO
MADALENA,MOTOCICLETA,COLISÃO
IPSEP,MOTOCICLETA,COLISÃO
BOA VISTA,MOTOCICLETA,COLISÃO
IMBIRIBEIRA,MOTOCICLETA,COLISÃO
ROSARINHO,MOTOCICLETA,COLISÃO
IMBIRIBEIRA,MOTOCICLETA,COLISÃO
CAMPO GRANDE,MOTOCICLETA,COLISÃO
CAMPO GRANDE,MOTOCICLETA,COLISÃO
TORRÕES,MOTOCICLETA,COLISÃO
BOA VISTA,MOTOCICLETA,COLISÃO
TORRE,MOTOCICLETA,ATROPELAMENTO
LINHA DO TIRO,OUTROS,ATROPELAMENTO
IBURA,OUTROS,COLISÃO
PINA,PEDESTRE,ATROPELAMENTO
CASA AMARELA,PEDESTRE,ATROPELAMENTO
BEBERIBE,PEDESTRE,ATROPELAMENTO
COELHOS,PEDESTRE,ATROPELAMENTO
SANTO ANTÔNIO,PEDESTRE,ATROPELAMENTO
BOA VIAGEM,PEDESTRE,ATROPELAMENTO
TORRÕES,PEDESTRE,ATROPELAMENTO
BOA VIAGEM,PEDESTRE,ATROPELAMENTO
MACAXEIRA,PEDESTRE,ATROPELAMENTO
PRADO,PEDESTRE,ATROPELAMENTO
ESTÂNCIA,PEDESTRE,ATROPELAMENTO
ENCRUZILHADA,PEDESTRE,ATROPELAMENTO
MADALENA,PEDESTRE,ATROPELAMENTO
BOA VISTA,PEDESTRE,ATROPELAMENTO
IPUTINGA,PEDESTRE,ATROPELAMENTO
AFOGADOS,PEDESTRE,ATROPELAMENTO
CAXANGÁ,PEDESTRE,ATROPELAMENTO
IPSEP,PEDESTRE,ATROPELAMENTO
CAMPINA DO BARRETO,PEDESTRE,ATROPELAMENTO
CASA FORTE,PEDESTRE,ATROPELAMENTO
CASA AMARELA,PEDESTRE,ATROPELAMENTO
TORRÕES,PEDESTRE,ATROPELAMENTO
BOA VIAGEM,AUTOMÓVEL,ATROPELAMENTO
TORRE,AUTOMÓVEL,COLISÃO
BOA VIAGEM,AUTOMÓVEL,COLISÃO
CAMPO GRANDE,AUTOMÓVEL,COLISÃO
BOA VIAGEM,AUTOMÓVEL,COLISÃO
SANTO AMARO,AUTOMÓVEL,COLISÃO
SANTO ANTÔNIO,AUTOMÓVEL,COLISÃO
BAIRRO DO RECIFE,AUTOMÓVEL,COLISÃO
BOA VIAGEM,AUTOMÓVEL,COLISÃO
BOA VIAGEM,AUTOMÓVEL,COLISÃO
IMBIRIBEIRA,AUTOMÓVEL,COLISÃO
CASA AMARELA,AUTOMÓVEL,COLISÃO
VÁRZEA,AUTOMÓVEL,COLISÃO
MADALENA,AUTOMÓVEL,COLISÃO
MADALENA,AUTOMÓVEL,COLISÃO
ESTÂNCIA,AUTOMÓVEL,ATROPELAMENTO
ILHA DO LEITE,AUTOMÓVEL,ATROPELAMENTO
CABANGA,AUTOMÓVEL,COLISÃO
PORTO DA MADEIRA,AUTOMÓVEL,COLISÃO
IMBIRIBEIRA,CICLISTA,COLISÃO
AREIAS,CICLISTA,COLISÃO
SAN MARTIN,CICLISTA,COLISÃO
ARRUDA,CICLISTA,COLISÃO
CASA AMARELA,CICLISTA,ATROPELAMENTO
AFOGADOS,CICLISTA,COLISÃO
CAJUEIRO,CICLISTA,COLISÃO
IMBIRIBEIRA,CICLISTA,COLISÃO
BOMBA DO HEMETÉRIO,CICLISTA,COLISÃO
AREIAS,CICLISTA,COLISÃO
DERBY,CICLISTA,COLISÃO
SANTO ANTÔNIO,CICLOMOTOR,COLISÃO
IMBIRIBEIRA,CICLOMOTOR,COLISÃO
CABANGA,CICLOMOTOR,ATROPELAMENTO
AFOGADOS,CICLOMOTOR,COLISÃO
BOA VIAGEM,CICLOMOTOR,COLISÃO
BOA VIAGEM,CICLOMOTOR,COLISÃO
BOA VISTA,CICLOMOTOR,COLISÃO
JARDIM SÃO PAULO,MOTOCICLETA,COLISÃO
ARRUDA,MOTOCICLETA,ATROPELAMENTO
ESTÂNCIA,MOTOCICLETA,COLISÃO
TAMARINEIRA,MOTOCICLETA,COLISÃO
BOA VIAGEM,MOTOCICLETA,COLISÃO
SÍTIO DOS PINTOS,MOTOCICLETA,COLISÃO
IMBIRIBEIRA,MOTOCICLETA,COLISÃO
AREIAS,MOTOCICLETA,COLISÃO
PINA,MOTOCICLETA,COLISÃO
BOA VIAGEM,MOTOCICLETA,COLISÃO
MACAXEIRA,MOTOCICLETA,COLISÃO
IBURA,MOTOCICLETA,COLISÃO
IPSEP,MOTOCICLETA,COLISÃO
CAMPO GRANDE,MOTOCICLETA,COLISÃO
ILHA DO RETIRO,MOTOCICLETA,COLISÃO
CASA AMARELA,MOTOCICLETA,COLISÃO
BOA VIAGEM,MOTOCICLETA,COLISÃO
BOA VISTA,MOTOCICLETA,COLISÃO
ESPINHEIRO,MOTOCICLETA,COLISÃO
SÃO JOSÉ,MOTOCICLETA,COLISÃO
SANCHO,MOTOCICLETA,COLISÃO
SÃO JOSÉ,MOTOCICLETA,COLISÃO
BOA VIAGEM,MOTOCICLETA,COLISÃO
MADALENA,MOTOCICLETA,COLISÃO
CASA AMARELA,MOTOCICLETA,COLISÃO
IBURA,MOTOCICLETA,COLISÃO
SANTO AMARO,MOTOCICLETA,COLISÃO
BARRO,MOTOCICLETA,COLISÃO
MACAXEIRA,MOTOCICLETA,COLISÃO
CAMPO GRANDE,MOTOCICLETA,COLISÃO
SANTO ANTÔNIO,MOTOCICLETA,COLISÃO
CAMPO GRANDE,MOTOCICLETA,COLISÃO
MANGABEIRA,MOTOCICLETA,COLISÃO
IBURA,MOTOCICLETA,COLISÃO
CASA AMARELA,MOTOCICLETA,COLISÃO
IPUTINGA,MOTOCICLETA,COLISÃO
BOA VISTA,MOTOCICLETA,COLISÃO
PINA,MOTOCICLETA,COLISÃO
SANTO AMARO,MOTOCICLETA,COLISÃO
BOA VISTA,MOTOCICLETA,COLISÃO
BOA VIAGEM,MOTOCICLETA,ATROPELAMENTO
PORTO DA MADEIRA,MOTOCICLETA,COLISÃO
BOA VIAGEM,MOTOCICLETA,COLISÃO
TORRE,MOTOCICLETA,COLISÃO
IMBIRIBEIRA,MOTOCICLETA,COLISÃO
ESTÂNCIA,MOTOCICLETA,COLISÃO
BOA VIAGEM,MOTOCICLETA,COLISÃO
AFOGADOS,MOTOCICLETA,COLISÃO
GRAÇAS,MOTOCICLETA,COLISÃO
ENCRUZILHADA,MOTOCICLETA,COLISÃO
IBURA,MOTOCICLETA,COLISÃO
MACAXEIRA,MOTOCICLETA,COLISÃO
CASA AMARELA,MOTOCICLETA,COLISÃO
TORRE,MOTOCICLETA,COLISÃO
IPSEP,MOTOCICLETA,COLISÃO
SANTO AMARO,MOTOCICLETA,COLISÃO
BOA VIAGEM,MOTOCICLETA,COLISÃO
IBURA,MOTOCICLETA,COLISÃO
BOA VIAGEM,MOTOCICLETA,COLISÃO
BOA VIAGEM,MOTOCICLETA,COLISÃO
CAÇOTE,MOTOCICLETA,COLISÃO
MACAXEIRA,MOTOCICLETA,COLISÃO
PINA,MOTOCICLETA,COLISÃO
ENCRUZILHADA,MOTOCICLETA,COLISÃO
ILHA DO RETIRO,MOTOCICLETA,COLISÃO
AFLITOS,MOTOCICLETA,COLISÃO
IMBIRIBEIRA,MOTOCICLETA,COLISÃO
IPUTINGA,MOTOCICLETA,COLISÃO
IPUTINGA,MOTOCICLETA,COLISÃO
MADALENA,MOTOCICLETA,COLISÃO
IBURA,MOTOCICLETA,COLISÃO
BOMBA DO HEMETÉRIO,MOTOCICLETA,COLISÃO
MANGUEIRA,MOTOCICLETA,COLISÃO
BOA VIAGEM,MOTOCICLETA,COLISÃO
JORDÃO,MOTOCICLETA,COLISÃO
TAMARINEIRA,MOTOCICLETA,COLISÃO
CORDEIRO,MOTOCICLETA,COLISÃO
BARRO,MOTOCICLETA,COLISÃO
AFOGADOS,MOTOCICLETA,COLISÃO
IMBIRIBEIRA,MOTOCICLETA,COLISÃO
CORDEIRO,MOTOCICLETA,COLISÃO
SANTO AMARO,MOTOCICLETA,COLISÃO
IPSEP,MOTOCICLETA,COLISÃO
JORDÃO,MOTOCICLETA,COLISÃO
TOTÓ,MOTOCICLETA,COLISÃO
CASA AMARELA,MOTOCICLETA,COLISÃO
BOA VISTA,MOTOCICLETA,COLISÃO
IBURA,MOTOCICLETA,COLISÃO
CAXANGÁ,MOTOCICLETA,COLISÃO
JARDIM SÃO PAULO,MOTOCICLETA,COLISÃO
PINA,MOTOCICLETA,COLISÃO
TORRE,MOTOCICLETA,COLISÃO
MADALENA,MOTOCICLETA,COLISÃO
ARRUDA,MOTOCICLETA,COLISÃO
AFOGADOS,MOTOCICLETA,COLISÃO
MADALENA,MOTOCICLETA,COLISÃO
TORRE,MOTOCICLETA,COLISÃO
SANTO AMARO,MOTOCICLETA,COLISÃO
BOA VISTA,MOTOCICLETA,COLISÃO
IPUTINGA,MOTOCICLETA,COLISÃO
MACAXEIRA,MOTOCICLETA,COLISÃO
SAN MARTIN,MOTOCICLETA,COLISÃO
IMBIRIBEIRA,MOTOCICLETA,ATROPELAMENTO
BOMBA DO HEMETÉRIO,MOTOCICLETA,COLISÃO
SAN MARTIN,MOTOCICLETA,COLISÃO
SANTO AMARO,PEDESTRE,ATROPELAMENTO
SANTO AMARO,PEDESTRE,ATROPELAMENTO
AREIAS,PEDESTRE,ATROPELAMENTO
BOA VIAGEM,PEDESTRE,ATROPELAMENTO
TAMARINEIRA,PEDESTRE,ATROPELAMENTO
MUSTARDINHA,PEDESTRE,ATROPELAMENTO
SANTO AMARO,PEDESTRE,ATROPELAMENTO
CORDEIRO,PEDESTRE,ATROPELAMENTO
PRADO,PEDESTRE,ATROPELAMENTO
SANTO AMARO,PEDESTRE,ATROPELAMENTO
CASA AMARELA,PEDESTRE,ATROPELAMENTO
IMBIRIBEIRA,PEDESTRE,ATROPELAMENTO
SANTO AMARO,PEDESTRE,ATROPELAMENTO
VÁRZEA,PEDESTRE,ATROPELAMENTO
BOA VIAGEM,PEDESTRE,ATROPELAMENTO
TORRE,PEDESTRE,ATROPELAMENTO
CORDEIRO,PEDESTRE,ATROPELAMENTO
CORDEIRO,PEDESTRE,ATROPELAMENTO
BOA VIAGEM,AUTOMÓVEL,COLISÃO
BOA VIAGEM,AUTOMÓVEL,COLISÃO
BOA VIAGEM,AUTOMÓVEL,COLISÃO
AFOGADOS,AUTOMÓVEL,COLISÃO
MADALENA,AUTOMÓVEL,COLISÃO
DERBY,AUTOMÓVEL,COLISÃO
AFOGADOS,AUTOMÓVEL,COLISÃO
CAMPO GRANDE,AUTOMÓVEL,COLISÃO
GRAÇAS,AUTOMÓVEL,COLISÃO
TAMARINEIRA,AUTOMÓVEL,COLISÃO
POÇO DA PANELA,AUTOMÓVEL,COLISÃO
JOANA BEZERRA,AUTOMÓVEL,COLISÃO
SANTO AMARO,AUTOMÓVEL,COLISÃO
SÃO JOSÉ,AUTOMÓVEL,ATROPELAMENTO
ILHA JOANA BEZERRA,AUTOMÓVEL,COLISÃO
DOIS IRMÃOS,AUTOMÓVEL,COLISÃO
GRAÇAS,AUTOMÓVEL,ATROPELAMENTO
BEBERIBE,AUTOMÓVEL,ATROPELAMENTO
BOA VIAGEM,AUTOMÓVEL,COLISÃO
TEJIPIÓ,AUTOMÓVEL,ATROPELAMENTO
CABANGA,AUTOMÓVEL,COLISÃO
BOA VIAGEM,AUTOMÓVEL,ATROPELAMENTO
ENCRUZILHADA,AUTOMÓVEL,COLISÃO
MADALENA,AUTOMÓVEL,COLISÃO
AFOGADOS,AUTOMÓVEL,COLISÃO
BOA VISTA,AUTOMÓVEL,COLISÃO
SÃO JOSÉ,CICLISTA,COLISÃO
CORDEIRO,CICLISTA,COLISÃO
AFOGADOS,CICLISTA,COLISÃO
BOA VIAGEM,CICLISTA,COLISÃO
ILHA JOANA BEZERRA,CICLISTA,COLISÃO
BOA VIAGEM,CICLISTA,COLISÃO
ARRUDA,CICLISTA,COLISÃO
IMBIRIBEIRA,CICLISTA,COLISÃO
IMBIRIBEIRA,CICLISTA,COLISÃO
CAMPO GRANDE,CICLOMOTOR,COLISÃO
CASA AMARELA,CICLOMOTOR,COLISÃO
BOA VISTA,CICLOMOTOR,COLISÃO
BOA VIAGEM,CICLOMOTOR,COLISÃO
MADALENA,CICLOMOTOR,COLISÃO
IPSEP,CICLOMOTOR,COLISÃO
JOANA BEZERRA,CICLOMOTOR,COLISÃO
VÁRZEA,MOTOCICLETA,COLISÃO
AREIAS,MOTOCICLETA,COLISÃO
ENGENHO DO MEIO,MOTOCICLETA,COLISÃO
BOA VISTA,MOTOCICLETA,COLISÃO
PRADO,MOTOCICLETA,COLISÃO
SANTO AMARO,MOTOCICLETA,COLISÃO
SANTO AMARO,MOTOCICLETA,COLISÃO
CAMPO GRANDE,MOTOCICLETA,COLISÃO
MADALENA,MOTOCICLETA,COLISÃO
AFOGADOS,MOTOCICLETA,COLISÃO
IBURA,MOTOCICLETA,COLISÃO
TEJIPIÓ,MOTOCICLETA,COLISÃO
IMBIRIBEIRA,MOTOCICLETA,COLISÃO
IMBIRIBEIRA,MOTOCICLETA,COLISÃO
ESPINHEIRO,MOTOCICLETA,COLISÃO
JOANA BEZERRA,MOTOCICLETA,COLISÃO
CAMPO GRANDE,MOTOCICLETA,COLISÃO
AFOGADOS,MOTOCICLETA,COLISÃO
TORRE,MOTOCICLETA,COLISÃO
CAMPO GRANDE,MOTOCICLETA,COLISÃO
PINA,MOTOCICLETA,COLISÃO
BAIRRO DO RECIFE,MOTOCICLETA,COLISÃO
CABANGA,MOTOCICLETA,ATROPELAMENTO
TAMARINEIRA,MOTOCICLETA,COLISÃO
IMBIRIBEIRA,MOTOCICLETA,COLISÃO
MACAXEIRA,MOTOCICLETA,COLISÃO
SANTO AMARO,MOTOCICLETA,COLISÃO
BOA VIAGEM,MOTOCICLETA,COLISÃO
IPSEP,MOTOCICLETA,COLISÃO
COQUEIRAL,MOTOCICLETA,COLISÃO
SAN MARTIN,MOTOCICLETA,COLISÃO
ÁGUA FRIA,MOTOCICLETA,COLISÃO
ESTÂNCIA,MOTOCICLETA,COLISÃO
ARRUDA,MOTOCICLETA,COLISÃO
GRAÇAS,MOTOCICLETA,COLISÃO
VASCO DA GAMA,MOTOCICLETA,COLISÃO
GRAÇAS,MOTOCICLETA,COLISÃO
IBURA,MOTOCICLETA,COLISÃO
AFOGADOS,MOTOCICLETA,COLISÃO
BONGI,MOTOCICLETA,COLISÃO
IPUTINGA,MOTOCICLETA,COLISÃO
DOIS IRMÃOS,MOTOCICLETA,COLISÃO
TEJIPIÓ,MOTOCICLETA,COLISÃO
AFOGADOS,MOTOCICLETA,COLISÃO
CORDEIRO,MOTOCICLETA,COLISÃO
IPSEP,MOTOCICLETA,COLISÃO
SÃO JOSÉ,MOTOCICLETA,COLISÃO
MADALENA,MOTOCICLETA,COLISÃO
ESTÂNCIA,MOTOCICLETA,COLISÃO
BOA VIAGEM,MOTOCICLETA,COLISÃO
ESTÂNCIA,MOTOCICLETA,COLISÃO
BARRO,MOTOCICLETA,COLISÃO
IPSEP,MOTOCICLETA,ATROPELAMENTO
CASA AMARELA,MOTOCICLETA,COLISÃO
CIDADE UNIVERSITÁRIA,MOTOCICLETA,COLISÃO
SANTANA,MOTOCICLETA,COLISÃO
CORDEIRO,MOTOCICLETA,ATROPELAMENTO
IPSEP,MOTOCICLETA,COLISÃO
IMBIRIBEIRA,MOTOCICLETA,COLISÃO
BAIRRO DO RECIFE,MOTOCICLETA,COLISÃO
ILHA DO LEITE,MOTOCICLETA,COLISÃO
MADALENA,MOTOCICLETA,COLISÃO
IMBIRIBEIRA,MOTOCICLETA,COLISÃO
BOA VIAGEM,MOTOCICLETA,COLISÃO
MADALENA,MOTOCICLETA,COLISÃO
CASA AMARELA,MOTOCICLETA,COLISÃO
IMBIRIBEIRA,MOTOCICLETA,COLISÃO
JORDÃO,MOTOCICLETA,COLISÃO
MANGUEIRA,MOTOCICLETA,COLISÃO
CORDEIRO,MOTOCICLETA,COLISÃO
SÃO JOSÉ,MOTOCICLETA,COLISÃO
IMBIRIBEIRA,MOTOCICLETA,COLISÃO
MUSTARDINHA,MOTOCICLETA,COLISÃO
MADALENA,MOTOCICLETA,COLISÃO
DERBY,MOTOCICLETA,COLISÃO
ÁGUA FRIA,MOTOCICLETA,COLISÃO
JORDÃO,MOTOCICLETA,COLISÃO
BOA VIAGEM,MOTOCICLETA,COLISÃO
SANTO AMARO,MOTOCICLETA,COLISÃO
IPSEP,MOTOCICLETA,COLISÃO
BEBERIBE,MOTOCICLETA,COLISÃO
MADALENA,MOTOCICLETA,COLISÃO
IMBIRIBEIRA,MOTOCICLETA,COLISÃO
BOA VIAGEM,MOTOCICLETA,ATROPELAMENTO
TEJIPIÓ,MOTOCICLETA,COLISÃO
ARRUDA,MOTOCICLETA,COLISÃO
IMBIRIBEIRA,MOTOCICLETA,COLISÃO
BOA VIAGEM,MOTOCICLETA,COLISÃO
SANTO ANTÔNIO,MOTOCICLETA,ATROPELAMENTO
ARRUDA,MOTOCICLETA,COLISÃO
CORDEIRO,MOTOCICLETA,COLISÃO
ILHA DO RETIRO,MOTOCICLETA,COLISÃO
ILHA DO LEITE,MOTOCICLETA,COLISÃO
IMBIRIBEIRA,MOTOCICLETA,COLISÃO
CAMPO GRANDE,MOTOCICLETA,COLISÃO
JARDIM SÃO PAULO,MOTOCICLETA,COLISÃO
CASA AMARELA,MOTOCICLETA,COLISÃO
SÃO JOSÉ,MOTOCICLETA,COLISÃO
BOA VIAGEM,MOTOCICLETA,COLISÃO
ÁGUA FRIA,MOTOCICLETA,COLISÃO
CASA AMARELA,MOTOCICLETA,COLISÃO
BOA VIAGEM,MOTOCICLETA,COLISÃO
GUABIRABA,MOTOCICLETA,COLISÃO
SANTO AMARO,MOTOCICLETA,COLISÃO
BAIRRO DO RECIFE,OUTROS,ATROPELAMENTO
NOVA DESCOBERTA,OUTROS,COLISÃO
SANTO ANTÔNIO,OUTROS,COLISÃO
SAN MARTIN,OUTROS,COLISÃO
BOA VISTA,OUTROS,COLISÃO
VASCO DA GAMA,OUTROS,COLISÃO
CORDEIRO,OUTROS,COLISÃO
IMBIRIBEIRA,PEDESTRE,ATROPELAMENTO
BOA VIAGEM,PEDESTRE,ATROPELAMENTO
CAXANGÁ,PEDESTRE,ATROPELAMENTO
BOA VIAGEM,PEDESTRE,ATROPELAMENTO
BAIRRO DO RECIFE,PEDESTRE,ATROPELAMENTO
BOA VIAGEM,PEDESTRE,ATROPELAMENTO
DERBY,PEDESTRE,ATROPELAMENTO
ESTÂNCIA,PEDESTRE,ATROPELAMENTO
DERBY,PEDESTRE,ATROPELAMENTO
SÃO JOSÉ,PEDESTRE,ATROPELAMENTO
ENCRUZILHADA,PEDESTRE,ATROPELAMENTO
SANCHO,PEDESTRE,ATROPELAMENTO
AFOGADOS,PEDESTRE,ATROPELAMENTO
JARDIM SÃO PAULO,PEDESTRE,ATROPELAMENTO
AREIAS,PEDESTRE,ATROPELAMENTO
BOA VIAGEM,PEDESTRE,ATROPELAMENTO
BEBERIBE,PEDESTRE,ATROPELAMENTO
DERBY,PEDESTRE,ATROPELAMENTO
MUSTARDINHA,PEDESTRE,ATROPELAMENTO
BOA VISTA,PEDESTRE,ATROPELAMENTO
BOA VIAGEM,AUTOMÓVEL,COLISÃO
BAIRRO DO RECIFE,AUTOMÓVEL,COLISÃO
AFOGADOS,AUTOMÓVEL,COLISÃO
IPUTINGA,AUTOMÓVEL,ATROPELAMENTO
AFOGADOS,AUTOMÓVEL,COLISÃO
ESPINHEIRO,AUTOMÓVEL,COLISÃO
TAMARINEIRA,AUTOMÓVEL,COLISÃO
VÁRZEA,AUTOMÓVEL,ATROPELAMENTO
CIDADE UNIVERSITÁRIA,AUTOMÓVEL,COLISÃO
BOA VIAGEM,AUTOMÓVEL,COLISÃO
SÃO JOSÉ,AUTOMÓVEL,COLISÃO
BOA VISTA,AUTOMÓVEL,COLISÃO
IPSEP,AUTOMÓVEL,COLISÃO
IBURA,AUTOMÓVEL,COLISÃO
DERBY,AUTOMÓVEL,COLISÃO
AFOGADOS,AUTOMÓVEL,COLISÃO
BOA VIAGEM,AUTOMÓVEL,COLISÃO
BEBERIBE,AUTOMÓVEL,COLISÃO
APIPUCOS,AUTOMÓVEL,COLISÃO
BOA VIAGEM,AUTOMÓVEL,COLISÃO
ARRUDA,AUTOMÓVEL,COLISÃO
CAXANGÁ,AUTOMÓVEL,COLISÃO
BOA VIAGEM,AUTOMÓVEL,COLISÃO
BOA VIAGEM,AUTOMÓVEL,COLISÃO
BOA VISTA,CICLISTA,COLISÃO
BOA VISTA,CICLISTA,COLISÃO
JARDIM SÃO PAULO,CICLISTA,COLISÃO
ESTÂNCIA,CICLISTA,COLISÃO
JOANA BEZERRA,CICLISTA,COLISÃO
ÁGUA FRIA,CICLISTA,ATROPELAMENTO
CASA AMARELA,CICLISTA,COLISÃO
SANTO AMARO,CICLISTA,COLISÃO
GRAÇAS,CICLISTA,COLISÃO
JAQUEIRA,CICLISTA,COLISÃO
CORDEIRO,CICLOMOTOR,COLISÃO
BOA VISTA,CICLOMOTOR,COLISÃO
VÁRZEA,CICLOMOTOR,COLISÃO
MADALENA,MOTOCICLETA,COLISÃO
CASA FORTE,MOTOCICLETA,COLISÃO
AREIAS,MOTOCICLETA,COLISÃO
PRADO,MOTOCICLETA,COLISÃO
BOA VISTA,MOTOCICLETA,COLISÃO
BOA VIAGEM,MOTOCICLETA,COLISÃO
BEBERIBE,MOTOCICLETA,COLISÃO
IBURA,MOTOCICLETA,COLISÃO
BOA VISTA,MOTOCICLETA,COLISÃO
CASA AMARELA,MOTOCICLETA,COLISÃO
IMBIRIBEIRA,MOTOCICLETA,COLISÃO
MACAXEIRA,MOTOCICLETA,COLISÃO
CASA FORTE,MOTOCICLETA,COLISÃO
BOA VIAGEM,MOTOCICLETA,COLISÃO
AREIAS,MOTOCICLETA,COLISÃO
ÁGUA FRIA,MOTOCICLETA,COLISÃO
CAMPO GRANDE,MOTOCICLETA,COLISÃO
SANTO AMARO,MOTOCICLETA,COLISÃO
SANTO AMARO,MOTOCICLETA,COLISÃO
MUSTARDINHA,MOTOCICLETA,COLISÃO
BOA VISTA,MOTOCICLETA,COLISÃO
CASA AMARELA,MOTOCICLETA,COLISÃO
ESTÂNCIA,MOTOCICLETA,COLISÃO
BOA VISTA,MOTOCICLETA,COLISÃO
TORRE,MOTOCICLETA,COLISÃO
CASA AMARELA,MOTOCICLETA,COLISÃO
IMBIRIBEIRA,MOTOCICLETA,COLISÃO
AREIAS,MOTOCICLETA,COLISÃO
IMBIRIBEIRA,MOTOCICLETA,COLISÃO
SANTO AMARO,MOTOCICLETA,COLISÃO
IMBIRIBEIRA,MOTOCICLETA,COLISÃO
CAXANGÁ,MOTOCICLETA,COLISÃO
BOA VISTA,MOTOCICLETA,COLISÃO
IBURA,MOTOCICLETA,COLISÃO
SANTO AMARO,MOTOCICLETA,COLISÃO
IPSEP,MOTOCICLETA,COLISÃO
ENGENHO DO MEIO,MOTOCICLETA,COLISÃO
IBURA,MOTOCICLETA,COLISÃO
IBURA,MOTOCICLETA,COLISÃO
BOA VIAGEM,MOTOCICLETA,COLISÃO
SANTO AMARO,MOTOCICLETA,COLISÃO
TORRE,MOTOCICLETA,COLISÃO
CASA FORTE,MOTOCICLETA,COLISÃO
ENCRUZILHADA,MOTOCICLETA,COLISÃO
ILHA DO RETIRO,MOTOCICLETA,COLISÃO
IPSEP,MOTOCICLETA,ATROPELAMENTO
CASA FORTE,MOTOCICLETA,COLISÃO
AREIAS,MOTOCICLETA,COLISÃO
BONGI,MOTOCICLETA,COLISÃO
BEBERIBE,MOTOCICLETA,COLISÃO
CABANGA,MOTOCICLETA,COLISÃO
IBURA,MOTOCICLETA,COLISÃO
CAXANGÁ,MOTOCICLETA,COLISÃO
PINA,MOTOCICLETA,COLISÃO
TORRE,MOTOCICLETA,COLISÃO
ENCRUZILHADA,MOTOCICLETA,COLISÃO
JARDIM SÃO PAULO,MOTOCICLETA,COLISÃO
NOVA DESCOBERTA,MOTOCICLETA,COLISÃO
SANTO AMARO,MOTOCICLETA,COLISÃO
ENCRUZILHADA,MOTOCICLETA,COLISÃO
ILHA DO RETIRO,MOTOCICLETA,COLISÃO
BOA VIAGEM,MOTOCICLETA,COLISÃO
CASA AMARELA,MOTOCICLETA,COLISÃO
DERBY,MOTOCICLETA,ATROPELAMENTO
BONGI,MOTOCICLETA,COLISÃO
AREIAS,MOTOCICLETA,COLISÃO
ARRUDA,MOTOCICLETA,COLISÃO
ENCRUZILHADA,MOTOCICLETA,COLISÃO
BONGI,MOTOCICLETA,COLISÃO
BOA VISTA,MOTOCICLETA,COLISÃO
IBURA,MOTOCICLETA,COLISÃO
IBURA,MOTOCICLETA,COLISÃO
AFOGADOS,MOTOCICLETA,COLISÃO
ESTÂNCIA,MOTOCICLETA,ATROPELAMENTO
IBURA,MOTOCICLETA,COLISÃO
CAÇOTE,MOTOCICLETA,COLISÃO
CAMPO GRANDE,MOTOCICLETA,COLISÃO
CAMPO GRANDE,MOTOCICLETA,COLISÃO
TORRÕES,MOTOCICLETA,COLISÃO
IBURA,MOTOCICLETA,COLISÃO
SANTO AMARO,MOTOCICLETA,COLISÃO
BOA VIAGEM,MOTOCICLETA,COLISÃO
MADALENA,MOTOCICLETA,COLISÃO
CASA AMARELA,MOTOCICLETA,COLISÃO
IMBIRIBEIRA,MOTOCICLETA,COLISÃO
APIPUCOS,MOTOCICLETA,COLISÃO
CORDEIRO,MOTOCICLETA,COLISÃO
BOA VIAGEM,MOTOCICLETA,COLISÃO
CAMPO GRANDE,MOTOCICLETA,COLISÃO
AREIAS,MOTOCICLETA,COLISÃO
ARRUDA,MOTOCICLETA,COLISÃO
PONTO DE PARADA,MOTOCICLETA,COLISÃO
BONGI,MOTOCICLETA,COLISÃO
CASA AMARELA,MOTOCICLETA,COLISÃO
TORRE,MOTOCICLETA,COLISÃO
JORDÃO,MOTOCICLETA,COLISÃO
VÁRZEA,MOTOCICLETA,COLISÃO
CORDEIRO,MOTOCICLETA,COLISÃO
ENCRUZILHADA,MOTOCICLETA,COLISÃO
IMBIRIBEIRA,MOTOCICLETA,COLISÃO
IMBIRIBEIRA,MOTOCICLETA,COLISÃO
ARRUDA,MOTOCICLETA,COLISÃO
ARRUDA,MOTOCICLETA,COLISÃO
IBURA,MOTOCICLETA,COLISÃO
SÃO JOSÉ,MOTOCICLETA,COLISÃO
ROSARINHO,MOTOCICLETA,COLISÃO
BOA VISTA,MOTOCICLETA,COLISÃO
BOA VIAGEM,MOTOCICLETA,COLISÃO
APIPUCOS,MOTOCICLETA,COLISÃO
BOA VIAGEM,MOTOCICLETA,COLISÃO
CASA AMARELA,MOTOCICLETA,COLISÃO
SÃO JOSÉ,MOTOCICLETA,COLISÃO
BOA VISTA,MOTOCICLETA,COLISÃO
CAXANGÁ,MOTOCICLETA,COLISÃO
TORRÕES,MOTOCICLETA,COLISÃO
AFLITOS,MOTOCICLETA,COLISÃO
IPUTINGA,MOTOCICLETA,COLISÃO
TORRE,MOTOCICLETA,COLISÃO
AFOGADOS,MOTOCICLETA,COLISÃO
SANTO AMARO,MOTOCICLETA,COLISÃO
BOA VIAGEM,OUTROS,COLISÃO
CAJUEIRO,OUTROS,COLISÃO
TAMARINEIRA,OUTROS,COLISÃO
CAMPINA DO BARRETO,OUTROS,COLISÃO
IMBIRIBEIRA,OUTROS,COLISÃO
MACAXEIRA,OUTROS,COLISÃO
PASSARINHO,OUTROS,ATROPELAMENTO
SANTO AMARO,PEDESTRE,ATROPELAMENTO
MACAXEIRA,PEDESTRE,ATROPELAMENTO
MADALENA,PEDESTRE,ATROPELAMENTO
IPUTINGA,PEDESTRE,ATROPELAMENTO
PINA,PEDESTRE,ATROPELAMENTO
TEJIPIÓ,PEDESTRE,ATROPELAMENTO
ALTO SANTA TERESINHA,PEDESTRE,ATROPELAMENTO
PINA,PEDESTRE,ATROPELAMENTO
SANTO AMARO,PEDESTRE,ATROPELAMENTO
SÃO JOSÉ,PEDESTRE,ATROPELAMENTO
CAXANGÁ,PEDESTRE,ATROPELAMENTO
CASA FORTE,PEDESTRE,ATROPELAMENTO
SANTO ANTÔNIO,PEDESTRE,ATROPELAMENTO
VASCO DA GAMA,PEDESTRE,ATROPELAMENTO
MADALENA,PEDESTRE,ATROPELAMENTO
DERBY,PEDESTRE,ATROPELAMENTO
BOA VIAGEM,PEDESTRE,ATROPELAMENTO
CORDEIRO,PEDESTRE,ATROPELAMENTO
PAISSANDU,PEDESTRE,ATROPELAMENTO
CASA AMARELA,PEDESTRE,ATROPELAMENTO
VÁRZEA,PEDESTRE,ATROPELAMENTO
SÃO JOSÉ,AUTOMÓVEL,COLISÃO
BARRO,AUTOMÓVEL,ATROPELAMENTO
BOA VIAGEM,AUTOMÓVEL,COLISÃO
IMBIRIBEIRA,AUTOMÓVEL,ATROPELAMENTO
BOA VIAGEM,AUTOMÓVEL,COLISÃO
ARRUDA,AUTOMÓVEL,COLISÃO
SANTO AMARO,AUTOMÓVEL,COLISÃO
BONGI,AUTOMÓVEL,COLISÃO
CORDEIRO,AUTOMÓVEL,COLISÃO
PRADO,AUTOMÓVEL,COLISÃO
AFOGADOS,AUTOMÓVEL,COLISÃO
ENCRUZILHADA,AUTOMÓVEL,COLISÃO
COELHOS,AUTOMÓVEL,COLISÃO
ESTÂNCIA,AUTOMÓVEL,COLISÃO
PINA,AUTOMÓVEL,COLISÃO
CORDEIRO,AUTOMÓVEL,COLISÃO
JORDÃO,AUTOMÓVEL,ATROPELAMENTO
ROSARINHO,AUTOMÓVEL,COLISÃO
IMBIRIBEIRA,AUTOMÓVEL,ATROPELAMENTO
BEBERIBE,AUTOMÓVEL,COLISÃO
SAN MARTIN,AUTOMÓVEL,COLISÃO
VÁRZEA,AUTOMÓVEL,COLISÃO
IMBIRIBEIRA,AUTOMÓVEL,COLISÃO
BOA VIAGEM,AUTOMÓVEL,ATROPELAMENTO
CORDEIRO,AUTOMÓVEL,COLISÃO
PINA,AUTOMÓVEL,COLISÃO
MADALENA,AUTOMÓVEL,COLISÃO
CORDEIRO,AUTOMÓVEL,COLISÃO
BOA VIAGEM,AUTOMÓVEL,COLISÃO
BOA VIAGEM,AUTOMÓVEL,COLISÃO
ESTÂNCIA,CICLISTA,COLISÃO
IPSEP,CICLISTA,COLISÃO
TORRE,CICLISTA,COLISÃO
BOA VISTA,CICLISTA,COLISÃO
JIQUIÁ,CICLISTA,COLISÃO
HIPÓDROMO,CICLISTA,COLISÃO
ENCRUZILHADA,CICLOMOTOR,COLISÃO
ARRUDA,CICLOMOTOR,COLISÃO
BOA VIAGEM,CICLOMOTOR,COLISÃO
SÃO JOSÉ,MOTOCICLETA,ATROPELAMENTO
IBURA,MOTOCICLETA,COLISÃO
APIPUCOS,MOTOCICLETA,COLISÃO
BOMBA DO HEMETÉRIO,MOTOCICLETA,COLISÃO
TEJIPIÓ,MOTOCICLETA,COLISÃO
MADALENA,MOTOCICLETA,COLISÃO
ROSARINHO,MOTOCICLETA,COLISÃO
TEJIPIÓ,MOTOCICLETA,COLISÃO
BONGI,MOTOCICLETA,COLISÃO
DERBY,MOTOCICLETA,COLISÃO
BOA VIAGEM,MOTOCICLETA,COLISÃO
DOIS IRMÃOS,MOTOCICLETA,COLISÃO
CAMPO GRANDE,MOTOCICLETA,COLISÃO
IMBIRIBEIRA,MOTOCICLETA,COLISÃO
ILHA DO LEITE,MOTOCICLETA,COLISÃO
PINA,MOTOCICLETA,COLISÃO
SANTO AMARO,MOTOCICLETA,COLISÃO
JAQUEIRA,MOTOCICLETA,COLISÃO
ESTÂNCIA,MOTOCICLETA,COLISÃO
ILHA DO LEITE,MOTOCICLETA,ATROPELAMENTO
SÃO JOSÉ,MOTOCICLETA,COLISÃO
CAMPO GRANDE,MOTOCICLETA,COLISÃO
AFOGADOS,MOTOCICLETA,COLISÃO
IMBIRIBEIRA,MOTOCICLETA,COLISÃO
BOA VIAGEM,MOTOCICLETA,COLISÃO
IPSEP,MOTOCICLETA,COLISÃO
CORDEIRO,MOTOCICLETA,COLISÃO
AFOGADOS,MOTOCICLETA,COLISÃO
CASA AMARELA,MOTOCICLETA,COLISÃO
ROSARINHO,MOTOCICLETA,COLISÃO
ENCRUZILHADA,MOTOCICLETA,COLISÃO
GRAÇAS,MOTOCICLETA,COLISÃO
ALTO JOSÉ DO PINHO,MOTOCICLETA,COLISÃO
IPSEP,MOTOCICLETA,COLISÃO
SANTO AMARO,MOTOCICLETA,COLISÃO
VÁRZEA,MOTOCICLETA,COLISÃO
TORRE,MOTOCICLETA,COLISÃO
IBURA,MOTOCICLETA,COLISÃO
BONGI,MOTOCICLETA,COLISÃO
CURADO,MOTOCICLETA,COLISÃO
PINA,MOTOCICLETA,COLISÃO
SAN MARTIN,MOTOCICLETA,COLISÃO
AFOGADOS,MOTOCICLETA,COLISÃO
CORDEIRO,MOTOCICLETA,COLISÃO
TORRE,MOTOCICLETA,COLISÃO
ARRUDA,MOTOCICLETA,COLISÃO
DERBY,MOTOCICLETA,COLISÃO
ROSARINHO,MOTOCICLETA,COLISÃO
CAMPO GRANDE,MOTOCICLETA,COLISÃO
PINA,MOTOCICLETA,COLISÃO
TORRÕES,MOTOCICLETA,COLISÃO
MANGUEIRA,MOTOCICLETA,COLISÃO
IMBIRIBEIRA,MOTOCICLETA,COLISÃO
SAN MARTIN,MOTOCICLETA,COLISÃO
MADALENA,MOTOCICLETA,COLISÃO
BONGI,MOTOCICLETA,COLISÃO
BOA VIAGEM,MOTOCICLETA,COLISÃO
JOANA BEZERRA,MOTOCICLETA,COLISÃO
AFOGADOS,MOTOCICLETA,COLISÃO
TORRE,MOTOCICLETA,COLISÃO
DERBY,MOTOCICLETA,COLISÃO
MADALENA,MOTOCICLETA,COLISÃO
MUSTARDINHA,MOTOCICLETA,COLISÃO
ESTÂNCIA,MOTOCICLETA,COLISÃO
SOLEDADE,MOTOCICLETA,COLISÃO
PARNAMIRIM,MOTOCICLETA,COLISÃO
ENCRUZILHADA,MOTOCICLETA,COLISÃO
LINHA DO TIRO,MOTOCICLETA,COLISÃO
CASA AMARELA,MOTOCICLETA,COLISÃO
TORRÕES,MOTOCICLETA,COLISÃO
MANGABEIRA,MOTOCICLETA,COLISÃO
SAN MARTIN,MOTOCICLETA,COLISÃO
APIPUCOS,MOTOCICLETA,COLISÃO
ESPINHEIRO,MOTOCICLETA,COLISÃO
AREIAS,MOTOCICLETA,COLISÃO
MACAXEIRA,MOTOCICLETA,COLISÃO
PINA,MOTOCICLETA,COLISÃO
ROSARINHO,MOTOCICLETA,COLISÃO
IMBIRIBEIRA,MOTOCICLETA,COLISÃO
LINHA DO TIRO,MOTOCICLETA,COLISÃO
BARRO,MOTOCICLETA,COLISÃO
NOVA DESCOBERTA,MOTOCICLETA,COLISÃO
CASA FORTE,MOTOCICLETA,COLISÃO
SANTO AMARO,MOTOCICLETA,COLISÃO
ÁGUA FRIA,MOTOCICLETA,COLISÃO
BOA VIAGEM,MOTOCICLETA,COLISÃO
BEBERIBE,MOTOCICLETA,COLISÃO
CASA FORTE,MOTOCICLETA,COLISÃO
SAN MARTIN,MOTOCICLETA,COLISÃO
PRADO,MOTOCICLETA,COLISÃO
ESPINHEIRO,MOTOCICLETA,COLISÃO
IBURA,MOTOCICLETA,COLISÃO
SANTO AMARO,MOTOCICLETA,COLISÃO
MADALENA,MOTOCICLETA,COLISÃO
ARRUDA,MOTOCICLETA,COLISÃO
IPSEP,MOTOCICLETA,COLISÃO
CASA AMARELA,MOTOCICLETA,COLISÃO
SAN MARTIN,MOTOCICLETA,COLISÃO
BOA VISTA,MOTOCICLETA,COLISÃO
IPSEP,MOTOCICLETA,COLISÃO
PAISSANDU,MOTOCICLETA,COLISÃO
IPSEP,MOTOCICLETA,COLISÃO
BOA VIAGEM,MOTOCICLETA,COLISÃO
BOA VIAGEM,MOTOCICLETA,COLISÃO
JARDIM SÃO PAULO,MOTOCICLETA,COLISÃO
SANCHO,MOTOCICLETA,COLISÃO
JORDÃO,MOTOCICLETA,COLISÃO
CAXANGÁ,MOTOCICLETA,ATROPELAMENTO
SAN MARTIN,MOTOCICLETA,COLISÃO
TEJIPIÓ,MOTOCICLETA,COLISÃO
CASA AMARELA,MOTOCICLETA,COLISÃO
CORDEIRO,MOTOCICLETA,COLISÃO
ESPINHEIRO,MOTOCICLETA,COLISÃO
AFOGADOS,MOTOCICLETA,COLISÃO
BARRO,MOTOCICLETA,COLISÃO
FUNDÃO,MOTOCICLETA,COLISÃO
CIDADE UNIVERSITÁRIA,MOTOCICLETA,COLISÃO
SANTO AMARO,MOTOCICLETA,COLISÃO
CAMPO GRANDE,MOTOCICLETA,COLISÃO
SANTO AMARO,MOTOCICLETA,COLISÃO
ESTÂNCIA,MOTOCICLETA,COLISÃO
CAMPO GRANDE,MOTOCICLETA,COLISÃO
BOA VIAGEM,MOTOCICLETA,COLISÃO
ENCRUZILHADA,MOTOCICLETA,COLISÃO
TEJIPIÓ,MOTOCICLETA,COLISÃO
CABANGA,MOTOCICLETA,COLISÃO
AFOGADOS,MOTOCICLETA,COLISÃO
CASA AMARELA,MOTOCICLETA,COLISÃO
IPSEP,MOTOCICLETA,COLISÃO
DERBY,MOTOCICLETA,COLISÃO
SANTO AMARO,MOTOCICLETA,COLISÃO
SANTO AMARO,MOTOCICLETA,COLISÃO
CASA AMARELA,MOTOCICLETA,COLISÃO
ESTÂNCIA,MOTOCICLETA,COLISÃO
CORDEIRO,MOTOCICLETA,COLISÃO
JARDIM SÃO PAULO,MOTOCICLETA,COLISÃO
JORDÃO,MOTOCICLETA,COLISÃO
VÁRZEA,MOTOCICLETA,COLISÃO
AFOGADOS,OUTROS,COLISÃO
DERBY,OUTROS,COLISÃO
TEJIPIÓ,OUTROS,COLISÃO
SANTO AMARO,OUTROS,COLISÃO
JORDÃO,OUTROS,COLISÃO
BOA VIAGEM,OUTROS,COLISÃO
IPSEP,OUTROS,COLISÃO
GRAÇAS,OUTROS,COLISÃO
CORDEIRO,PEDESTRE,ATROPELAMENTO
SAN MARTIN,PEDESTRE,ATROPELAMENTO
TORRE,PEDESTRE,ATROPELAMENTO
BEBERIBE,PEDESTRE,ATROPELAMENTO
CASA FORTE,PEDESTRE,COLISÃO
CAMPO GRANDE,PEDESTRE,ATROPELAMENTO
SÃO JOSÉ,PEDESTRE,ATROPELAMENTO
CASA FORTE,PEDESTRE,ATROPELAMENTO
ARRUDA,PEDESTRE,ATROPELAMENTO
BOA VIAGEM,PEDESTRE,ATROPELAMENTO
CASA AMARELA,PEDESTRE,ATROPELAMENTO
BOA VIAGEM,PEDESTRE,ATROPELAMENTO
MADALENA,PEDESTRE,ATROPELAMENTO
BEBERIBE,PEDESTRE,ATROPELAMENTO
IMBIRIBEIRA,PEDESTRE,ATROPELAMENTO
CASA FORTE,PEDESTRE,ATROPELAMENTO
DERBY,PEDESTRE,ATROPELAMENTO
BOA VIAGEM,PEDESTRE,ATROPELAMENTO
CAXANGÁ,PEDESTRE,ATROPELAMENTO
TORRÕES,PEDESTRE,ATROPELAMENTO
ESTÂNCIA,PEDESTRE,ATROPELAMENTO
BOA VISTA,PEDESTRE,ATROPELAMENTO
GRAÇAS,PEDESTRE,COLISÃO
CAMPO GRANDE,PEDESTRE,ATROPELAMENTO
AREIAS,PEDESTRE,ATROPELAMENTO
CABANGA,PEDESTRE,ATROPELAMENTO
IMBIRIBEIRA,PEDESTRE,ATROPELAMENTO
IBURA,PEDESTRE,ATROPELAMENTO
COELHOS,PEDESTRE,ATROPELAMENTO
SÃO JOSÉ,PEDESTRE,ATROPELAMENTO
CORDEIRO,PEDESTRE,ATROPELAMENTO
VASCO DA GAMA,PEDESTRE,ATROPELAMENTO
